OME-NGFF version,File Path,SizeX,SizeY,SizeZ,SizeC,SizeT,Axes,Wells,Fields,Keywords,License,Study,DOI,Date added,Representative Image ID,Thumbnail
0.4,https://livingobjects.ebi.ac.uk/idr/zarr/v0.4/idr0073A/9798462.zarr,21115,16433,1,3,1,XYZCT,,,,CC BY 4.0,idr0073,,2022-05-05,9798462,
0.4,https://livingobjects.ebi.ac.uk/idr/zarr/v0.4/idr0072B/9512.zarr,1345,1017,1,2,1,XYC,72,20,,CC BY 4.0,idr0072,,2022-05-10,12867352,https://livingobjects.ebi.ac.uk/idr/zarr/v0.4/idr0072B/9512.zarr/L/24/0/
0.4,https://livingobjects.ebi.ac.uk/idr/zarr/v0.4/idr0083A/9822152.zarr,144384,93184,1,1,1,XYZCT,,,,CC BY 4.0,idr0083,,2022-05-11,9822152,
0.4,https://livingobjects.ebi.ac.uk/idr/zarr/v0.4/idr0062A/6001247.zarr,253,210,257,2,,XYZC,,,labels (0),CC BY 4.0,idr0062,,2022-05-11,6001247,
0.4,https://livingobjects.ebi.ac.uk/idr/zarr/v0.4/idr0044A/4007801.zarr,2169,2048,988,2,532,XYZCT,,,,CC BY 4.0,idr0044,,2022-05-17,4007801,
0.4,https://livingobjects.ebi.ac.uk/idr/zarr/v0.4/idr0056B/7361.zarr,659,493,1,4,1,XYZCT,384,30,bioformats2raw.layout,CC BY 4.0,idr0056,,2022-06-06,9621401,https://livingobjects.ebi.ac.uk/idr/zarr/v0.4/idr0056B/7361.zarr/A/1/0/
0.4,https://livingobjects.ebi.ac.uk/idr/zarr/v0.4/idr0128E/9701.zarr,2048,2048,1,2,1,XYZCT,384,1,bioformats2raw.layout,CC BY 4.0,idr0128,,2022-06-01,13966432,https://livingobjects.ebi.ac.uk/idr/zarr/v0.4/idr0128E/9701.zarr/A/12/0/
0.4,https://livingobjects.ebi.ac.uk/idr/zarr/v0.4/idr0013A/3451.zarr,1344,1024,,,93,XYT,384,1,,CC0 1.0,idr0013,,2022-06-03,1483351,https://livingobjects.ebi.ac.uk/idr/zarr/v0.4/idr0013A/3451.zarr/A/2/0
0.4,https://livingobjects.ebi.ac.uk/idr/zarr/v0.4/idr0054A/5025551.zarr,2702,2700,1,27,1,XYZCT,,,,CC BY 4.0,idr0054,,2022-06-03,5025551,
0.4,https://livingobjects.ebi.ac.uk/idr/zarr/v0.4/idr0054A/5025552.zarr,2701,2701,1,27,1,XYZCT,,,,CC BY 4.0,idr0054,,2022-06-03,5025552,
0.4,https://livingobjects.ebi.ac.uk/idr/zarr/v0.4/idr0054A/5025553.zarr,2500,2500,1,27,1,XYZCT,,,,CC BY 4.0,idr0054,,2022-06-03,5025553,
0.4,https://livingobjects.ebi.ac.uk/idr/zarr/v0.4/idr0076A/10501752.zarr,464,494,,50,,XYC,,,labels (0),CC BY 4.0,idr0076,,2022-06-21,10501752,
0.4,https://livingobjects.ebi.ac.uk/idr/zarr/v0.4/idr0047A/4496763.zarr,2048,2048,25,4,,XYZC,,,labels (0),CC BY 4.0,idr0047,,2022-06-21,4496763,
0.4,https://livingobjects.ebi.ac.uk/idr/zarr/v0.4/idr0062A/6001240.zarr,271,275,236,2,,XYZC,,,labels (0),CC BY 4.0,idr0062,,2022-06-21,6001240,
0.4,https://livingobjects.ebi.ac.uk/idr/zarr/v0.4/idr0052A/5514375.zarr,256,256,31,3,40,XYZCT,,,"labels (Cell, Chromosomes)",CC BY 4.0,idr0052,,2022-06-21,5514375,
0.4,https://livingobjects.ebi.ac.uk/idr/zarr/v0.4/idr0001A/2551.zarr,1376,1040,16,2,1,XYZC,96,6,labels (0),CC BY 4.0,idr0001,,2022-07-06,1230059,https://livingobjects.ebi.ac.uk/idr/zarr/v0.4/idr0001A/2551.zarr/F/6/0
0.4,https://livingobjects.ebi.ac.uk/idr/zarr/v0.4/idr0101A/13457227.zarr,2048,2048,35,4,18,XYZCT,,,,CC BY 4.0,idr0101,,2022-10-13,13457227,
0.4,https://livingobjects.ebi.ac.uk/idr/zarr/v0.4/idr0101A/13457537.zarr,198,223,12,6,18,XYZCT,,,coordinateTransformation (translation) on dataset,CC BY 4.0,idr0101,,2022-10-13,13457537,
0.4,https://livingobjects.ebi.ac.uk/idr/zarr/v0.4/idr0101A/13457539.zarr,190,189,11,6,18,XYZCT,,,coordinateTransformation (translation) on multiscales,CC BY 4.0,idr0101,,2022-10-13,13457539,
0.4,https://livingobjects.ebi.ac.uk/idr/zarr/v0.4/idr0048A/9846151.zarr/,2947,5192,1402,3,1,XYZCT,,,bioformats2raw.layout,CC BY 4.0,idr0048,,2023-01-12,9846151,https://livingobjects.ebi.ac.uk/idr/zarr/v0.4/idr0048A/9846151.zarr/0/
0.4,https://livingobjects.ebi.ac.uk/idr/zarr/v0.4/idr0048A/9846152.zarr/,19120,13350,91,3,1,XYZCT,,,,CC BY 4.0,idr0048,,2023-01-12,9846152,
0.4,https://livingobjects.ebi.ac.uk/idr/zarr/v0.4/idr0138A/TimEmbryos-120919/HybCycle_29/MMStack_Pos9.ome.zarr,2048,2048,6,4,,XYZC,,,,CC BY 4.0,idr0138,,2026-05-12,15158733,
0.5,https://livingobjects.ebi.ac.uk/idr/zarr/v0.5/idr0010/76-45.ome.zarr,,520,1,2,1,XYZCT,384,1,,CC BY 4.0,idr0010,,2024-11-21,1921421,https://livingobjects.ebi.ac.uk/idr/zarr/v0.5/idr0010/76-45.ome.zarr/A/2/0/
0.5,https://livingobjects.ebi.ac.uk/idr/zarr/v0.5/idr0090/190129.zarr,2048,2044,31,5,,XYZC,49,32,,CC BY 4.0,idr0090,,2024-11-21,12539701,https://livingobjects.ebi.ac.uk/idr/zarr/v0.5/idr0090/190129.zarr/B/2/0/
0.5,https://livingobjects.ebi.ac.uk/idr/zarr/v0.5/idr0066/ExpD_chicken_embryo_MIP.ome.zarr,6510,8978,,,,XY,,,,CC BY 4.0,idr0066,,2024-11-21,8343616,
0.5,https://livingobjects.ebi.ac.uk/idr/zarr/v0.5/idr0066/ExpA_VIP_ASLM_on.zarr,2048,2048,1937,,,XYZ,,,,CC BY 4.0,idr0066,,2024-11-21,8343602,
0.5,https://livingobjects.ebi.ac.uk/idr/zarr/v0.5/idr0062A/6001240_labels.zarr,271,275,236,2,,XYZC,,,,CC BY 4.0,idr0062,,2024-11-21,6001240,
0.5,https://livingobjects.ebi.ac.uk/idr/zarr/v0.5/idr0157/Asterella gracilis SWE/IMG_1033-1112 Asterella gracilis (Mannia gracilis) stature.ome.zarr,8192,5464,80,3,1,XYZCT,,,,CC BY 4.0,idr0157,,2024-11-21,15154182,
0.5,https://livingobjects.ebi.ac.uk/idr/zarr/v0.5/idr0051/180712_H2B_22ss_Courtney1_20180712-163837_p00_c00_preview.zarr,333,333,201,1,79,XYZCT,,,bioformats2raw.layout,CC BY 4.0,idr0051,,2024-11-21,4007817,https://livingobjects.ebi.ac.uk/idr/zarr/v0.5/idr0051/180712_H2B_22ss_Courtney1_20180712-163837_p00_c00_preview.zarr/0/
0.5,https://livingobjects.ebi.ac.uk/idr/zarr/v0.5/idr0026/3.66.9-6.141020_15-41-29.00.ome.zarr,507,507,21,3,47,XYZCT,,,bioformats2raw.layout,CC BY 4.0,idr0026,,2024-11-21,3261701,https://livingobjects.ebi.ac.uk/idr/zarr/v0.5/idr0026/3.66.9-6.141020_15-41-29.00.ome.zarr/0/
0.5,https://livingobjects.ebi.ac.uk/idr/zarr/v0.5/idr0083/9822152.zarr,144384,93184,1,1,1,XYZCT,,,,CC BY 4.0,idr0083,,2024-11-21,9822152,
0.5,https://livingobjects.ebi.ac.uk/idr/zarr/v0.5/idr0033A/BR00109990_C2.zarr,2080,1552,,5,,XYC,,,bioformats2raw.layout (9 images),CC BY 4.0,idr0033,,2025-09-22,14002892,https://livingobjects.ebi.ac.uk/idr/zarr/v0.5/idr0033A/BR00109990_C2.zarr/0/
0.4,https://livingobjects.ebi.ac.uk/idr/zarr/v0.4/idr0079A/idr0079_images.zarr,1584,788,142,2,,,,,bioformats2raw.layout labels (0),CC BY 4.0,idr0079,,2025-09-22,9836998,https://livingobjects.ebi.ac.uk/idr/zarr/v0.4/idr0079A/idr0079_images.zarr/0/
